TVM-Calculator.html	https://www.fncalculator.com/financialcalculator?type=tvmCalculator	TVM Calculator
Currency-Converter.html	https://www.fncalculator.com/currencyConverter	Currency Converter
Compound-Interest-Calculator.html	https://www.fncalculator.com/financialcalculator?type=interestCalculator	Compound Interest Calculator
Return-On-Investment-ROI-Calculator.html	https://www.fncalculator.com/financialcalculator?type=roiCalculator	Return On Investment (ROI) Calculator
IRR-NPV-Calculator.html	https://www.fncalculator.com/financialcalculator?type=irrnpvCalculator	IRR NPV Calculator
Bond-Calculator.html	https://www.fncalculator.com/financialcalculator?type=bondCalculator	Bond Calculator
Tax-Equivalent-Yield-Calculator.html	https://www.fncalculator.com/financialcalculator?type=taxEquivalentCalculator	Tax Equivalent Yield Calculator
Rule-of-72-Calculator.html	https://www.fncalculator.com/financialcalculator?type=rule72Calculator	Rule of 72 Calculator
College-Savings-Calculator.html	https://www.fncalculator.com/financialcalculator?type=collegeSavingsCalculator	College Savings Calculator
Investment-Income-Calculator.html	https://www.fncalculator.com/financialcalculator?type=investmentIncomeCalculator	Investment Income Calculator
Mutual-Fund-Fee-Calculator.html	https://www.fncalculator.com/financialcalculator?type=mutualFundFeeCalculator	Mutual Fund Fee Calculator
US-Health-Savings-Account-Calculator.html	https://www.fncalculator.com/financialcalculator?type=hsaCalculator	US Health Savings Account Calculator
Savings-Goal-Calculator.html	https://www.fncalculator.com/financialcalculator?type=savingsGoalCalculator	Savings Goal Calculator
Certificate-of-Deposit-CD-Calculator.html	https://www.fncalculator.com/financialcalculator?type=cdCalculator	Certificate of Deposit (CD) Calculator
Loan-Calculator.html	https://www.fncalculator.com/financialcalculator?type=loanCalculator	Loan Calculator
Loan-Comparison-Calculator.html	https://www.fncalculator.com/financialcalculator?type=loanComparisonCalculator	Loan Comparison Calculator
Loan-Refinance-Calculator.html	https://www.fncalculator.com/financialcalculator?type=refinanceCalculator	Loan Refinance Calculator
APR-Calculator.html	https://www.fncalculator.com/financialcalculator?type=aprCalculator	APR Calculator
APR-Advanced-Calculator.html	https://www.fncalculator.com/financialcalculator?type=aprAdvancedCalculator	APR Advanced Calculator
Commercial-Loan-Calculator.html	https://www.fncalculator.com/financialcalculator?type=commercialLoanCalculator	Commercial Loan Calculator
Loan-Analysis-Calculator.html	https://www.fncalculator.com/financialcalculator?type=loanAnalysisCalculator	Loan Analysis Calculator
Home-Affordablility-Calculator.html	https://www.fncalculator.com/financialcalculator?type=loanAffordabilityCalculator	Home Affordablility Calculator
Rent-vs-Buy-Calculator.html	https://www.fncalculator.com/financialcalculator?type=loanRentOrBuyCalculator	Rent vs Buy Calculator
Mortgage-Tax-Saving-Calculator.html	https://www.fncalculator.com/financialcalculator?type=loanTaxSavingCalculator	Mortgage Tax Saving Calculator
Discount-Points-Calculator.html	https://www.fncalculator.com/financialcalculator?type=loanPointCalculator	Discount Points Calculator
Adjustable-Rate-Calculator.html	https://www.fncalculator.com/financialcalculator?type=loanAdjustableRateCalculator	Adjustable Rate Calculator
Fixed-vs-Adjustable-Rate-Calculator.html	https://www.fncalculator.com/financialcalculator?type=loanAdjustVsFixCalculator	Fixed vs Adjustable Rate Calculator
Bi-weekly-Payment-Calculator.html	https://www.fncalculator.com/financialcalculator?type=loanBiweeklyCalculator	Bi-weekly Payment Calculator
Interest-Only-Calculator.html	https://www.fncalculator.com/financialcalculator?type=loanInterestOnlyCalculator	Interest Only Calculator
Rental-Property-Calculator.html	https://www.fncalculator.com/financialcalculator?type=loanRentalPropertyCalculator	Rental Property Calculator
Retirement-Planner.html	https://www.fncalculator.com/financialcalculator?type=retirementPlanner	Retirement Planner
401k-Contribution-Calculator.html	https://www.fncalculator.com/financialcalculator?type=retirement401kCalculator	401k Contribution Calculator
401k-Save-the-Max-Calculator.html	https://www.fncalculator.com/financialcalculator?type=retirement401kSaveMaxCalculator	401k Save the Max Calculator
Retirement-Savings-Analysis.html	https://www.fncalculator.com/financialcalculator?type=retirementSavingsAnalysis	Retirement Savings Analysis
Retirement-Income-Analysis.html	https://www.fncalculator.com/financialcalculator?type=retirementIncomeAnalysis	Retirement Income Analysis
Traditional-IRA-vs-Roth-IRA.html	https://www.fncalculator.com/financialcalculator?type=retirementIRAOrRothIRA	Traditional IRA vs Roth IRA
Required-Minimum-Distribution.html	https://www.fncalculator.com/financialcalculator?type=retirementRMD	Required Minimum Distribution
Social-Security-Estimator.html	https://www.fncalculator.com/financialcalculator?type=retirementSocialSecurity	Social Security Estimator
Social-Security-Analysis.html	https://www.fncalculator.com/financialcalculator?type=retirementSocialSecurityAnalysis	Social Security Analysis
Social-Security-Distribution.html	https://www.fncalculator.com/financialcalculator?type=retirementSocialSecurityDistribution	Social Security Distribution
Asset-Allocation-Calculator.html	https://www.fncalculator.com/financialcalculator?type=assetAllocationCalculator	Asset Allocation Calculator
Retirement-Income-Calculator.html	https://www.fncalculator.com/financialcalculator?type=retirementIncomeCalculator	Retirement Income Calculator
Retirement-Calculator.html	https://www.fncalculator.com/financialcalculator?type=retirementCalculator	Retirement Calculator
Annuity-Calculator.html	https://www.fncalculator.com/financialcalculator?type=annuityCalculator	Annuity Calculator
Stock-Return-Calculator.html	https://www.fncalculator.com/financialcalculator?type=stockReturnCalculator	Stock Return Calculator
Stock-Constant-Growth-Calculator.html	https://www.fncalculator.com/financialcalculator?type=growthStockCalculator	Stock Constant Growth Calculator
Stock-Non-constant-Growth-Calculator.html	https://www.fncalculator.com/financialcalculator?type=nonGrowthStockCalculator	Stock Non-constant Growth Calculator
CAPM-Calculator.html	https://www.fncalculator.com/financialcalculator?type=capmCalculator	CAPM Calculator
Expected-Return-Calculator.html	https://www.fncalculator.com/financialcalculator?type=expectedReturnCalculator	Expected Return Calculator
Holding-Period-Return-Calculator.html	https://www.fncalculator.com/financialcalculator?type=hprCalculator	Holding Period Return Calculator
Weighted-Average-Cost-of-Capital-Calculator.html	https://www.fncalculator.com/financialcalculator?type=waccCalculator	Weighted Average Cost of Capital Calculator
Black-Scholes-Option-Calculator.html	https://www.fncalculator.com/financialcalculator?type=optionCalculator	Black-Scholes Option Calculator
Pivot-Point-Calculator.html	https://www.fncalculator.com/financialcalculator?type=pivotpointCalculator	Pivot Point Calculator
Fibonacci-Calculator.html	https://www.fncalculator.com/financialcalculator?type=fibonacciCalculator	Fibonacci Calculator
Commodities-and-Futures.html	https://www.fncalculator.com/financialcalculator?type=widgetCommodityFuture	Commodities and Futures
Credit-Card-Payoff-Calculator.html	https://www.fncalculator.com/financialcalculator?type=creditPayoffCalculator	Credit Card Payoff Calculator
Credit-Card-Minimum-Calculator.html	https://www.fncalculator.com/financialcalculator?type=creditMinPaymentCalculator	Credit Card Minimum Calculator
Auto-Loan-Calculator.html	https://www.fncalculator.com/financialcalculator?type=autoLoanCalculator	Auto Loan Calculator
Auto-Lease-Calculator.html	https://www.fncalculator.com/financialcalculator?type=autoLeaseCalculator	Auto Lease Calculator
Tip-Calculator.html	https://www.fncalculator.com/financialcalculator?type=tipCalculator	Tip Calculator
Discount-and-Tax-Calculator.html	https://www.fncalculator.com/financialcalculator?type=discountCalculator	Discount and Tax Calculator
Percentage-Calculator.html	https://www.fncalculator.com/financialcalculator?type=percentageCalculator	Percentage Calculator
Date-Calculator.html	https://www.fncalculator.com/financialcalculator?type=dateCalculator	Date Calculator
Unit-Conversion.html	https://www.fncalculator.com/financialcalculator?type=converter&file=index.jsp	Unit Conversion
US-Inflation-Calculator.html	https://www.fncalculator.com/financialcalculator?type=usInflationCalculator	US Inflation Calculator
US-Treasury-Bill-Calculator.html	https://www.fncalculator.com/financialcalculator?type=usTreasuryBillCalculator	US Treasury Bill Calculator
Margin-and-Markup-Calculator.html	https://www.fncalculator.com/financialcalculator?type=marginMarkupCalculator	Margin and Markup Calculator
Business-Forecast-Calculator.html	https://www.fncalculator.com/financialcalculator?type=businessForecastCalculator	Business Forecast Calculator
Fuel-Calculator.html	https://www.fncalculator.com/financialcalculator?type=fuelCalculator	Fuel Calculator
Hourly-to-Salary-Calculator.html	https://www.fncalculator.com/financialcalculator?type=hourlyToSalaryCalculator	Hourly to Salary Calculator
Salary-Increase-Calculator.html	https://www.fncalculator.com/financialcalculator?type=salaryIncreaseCalculator	Salary Increase Calculator
US-Paycheck-Tax-Calculator.html	https://www.fncalculator.com/financialcalculator?type=paycheckCalculator	US Paycheck Tax Calculator
Net-Distribution-Calculator.html	https://www.fncalculator.com/financialcalculator?type=netDistributionCalculator	Net Distribution Calculator
Effective-Rate-Calculator.html	https://www.fncalculator.com/financialcalculator?type=effectiveRateCalculator	Effective Rate Calculator
Balance-Sheet-and-Income-Statement-Analysis.html	https://www.fncalculator.com/financialcalculator?type=balanceSheetIncomeAnalysis	Balance Sheet and Income Statement Analysis
Financial-Ratios.html	https://www.fncalculator.com/financialcalculator?type=financialRatios	Financial Ratios
